[{"model": "carros.seguranca", "pk": 1, "fields": {"item": "Tração 4x4"}}, {"model": "carros.seguranca", "pk": 2, "fields": {"item": "Hill Holder"}}, {"model": "carros.seguranca", "pk": 3, "fields": {"item": "Camera de ré"}}, {"model": "carros.seguranca", "pk": 4, "fields": {"item": "Sensor de estacionamento"}}, {"model": "carros.seguranca", "pk": 5, "fields": {"item": "Frenagem autônoma de emergência"}}, {"model": "carros.seguranca", "pk": 6, "fields": {"item": "Comutação automática de farol alto"}}, {"model": "carros.seguranca", "pk": 7, "fields": {"item": "Aviso de saída de pista"}}, {"model": "carros.seguranca", "pk": 8, "fields": {"item": "ESP - Controle de estabilidade"}}, {"model": "carros.combustivel", "pk": 1, "fields": {"tipo": "Flex"}}, {"model": "carros.combustivel", "pk": 2, "fields": {"tipo": "Gasolina"}}, {"model": "carros.combustivel", "pk": 3, "fields": {"tipo": "Diesel Comum"}}, {"model": "carros.combustivel", "pk": 4, "fields": {"tipo": "Diesel S10"}}, {"model": "carros.combustivel", "pk": 5, "fields": {"tipo": "Elétrico"}}, {"model": "carros.acessorio", "pk": 1, "fields": {"item": "Engate reboque"}}, {"model": "carros.acessorio", "pk": 2, "fields": {"item": "Farol de neblina"}}, {"model": "carros.acessorio", "pk": 3, "fields": {"item": "Tapete do porta-malas"}}, {"model": "carros.acessorio", "pk": 4, "fields": {"item": "Tapete de caçamba"}}, {"model": "carros.acessorio", "pk": 5, "fields": {"item": "Central multimídia"}}, {"model": "carros.acessorio", "pk": 6, "fields": {"item": "extensor de caçamba"}}, {"model": "carros.motor", "pk": 1, "fields": {"nome": "Motor 1.3 Firefly", "cv": 107, "torque": 14.2, "rpm": 3500, "valvulas": 16, "cilindros": 4}}, {"model": "carros.motor", "pk": 2, "fields": {"nome": "Motor 1.0 Firefly", "cv": 90, "torque": 10.2, "rpm": 3000, "valvulas": 8, "cilindros": 3}}, {"model": "carros.motor", "pk": 3, "fields": {"nome": "Motor Turbo 270 Flex", "cv": 185, "torque": 25.5, "rpm": 4000, "valvulas": 16, "cilindros": 4}}, {"model": "carros.motor", "pk": 4, "fields": {"nome": "Motor Turbo Diesel", "cv": 200, "torque": 35.7, "rpm": 5000, "valvulas": 16, "cilindros": 4}}, {"model": "carros.direcao", "pk": 1, "fields": {"tipo": "Elétrica"}}, {"model": "carros.direcao", "pk": 2, "fields": {"tipo": "Hidráulica"}}, {"model": "carros.direcao", "pk": 3, "fields": {"tipo": "Mecânica"}}, {"model": "carros.direcao", "pk": 4, "fields": {"tipo": "Eletro-Hidráulica"}}, {"model": "carros.carro", "pk": 2, "fields": {"nome": "Fiat Argo", "slugCarro": "fiat-argo"}}, {"model": "carros.carro", "pk": 9, "fields": {"nome": "Fiat Pulse", "slugCarro": "fiat-pulse"}}, {"model": "carros.carro", "pk": 10, "fields": {"nome": "Fiat Cronos", "slugCarro": "fiat-cronos"}}, {"model": "carros.carro", "pk": 11, "fields": {"nome": "Fiat Strada", "slugCarro": "fiat-strada"}}, {"model": "carros.carro", "pk": 12, "fields": {"nome": "Fiat Fiorino", "slugCarro": "fiat-fiorino"}}, {"model": "carros.carro", "pk": 13, "fields": {"nome": "Fiat Abarth", "slugCarro": "fiat-abarth"}}, {"model": "carros.carro", "pk": 14, "fields": {"nome": "Fiat 500e", "slugCarro": "fiat-500e"}}, {"model": "carros.carro", "pk": 15, "fields": {"nome": "Fiat Scudo", "slugCarro": "fiat-scudo"}}, {"model": "carros.carro", "pk": 16, "fields": {"nome": "Fiat Fastback", "slugCarro": "fiat-fastback"}}, {"model": "carros.carro", "pk": 17, "fields": {"nome": "Fiat Ducato", "slugCarro": "fiat-ducato"}}, {"model": "carros.carro", "pk": 18, "fields": {"nome": "Fiat Mobi", "slugCarro": "fiat-mobi"}}, {"model": "carros.carro", "pk": 27, "fields": {"nome": "Fiat Toro", "slugCarro": "fiat-toro"}}, {"model": "carros.carro", "pk": 28, "fields": {"nome": "Fiat NOVICO", "slugCarro": "fiat-novico"}}, {"model": "carros.carro", "pk": 48, "fields": {"nome": "teste", "slugCarro": "teste"}}, {"model": "carros.carro", "pk": 49, "fields": {"nome": "teste2", "slugCarro": "teste2"}}, {"model": "carros.versao", "pk": 1, "fields": {"carro": 9, "nome": "pulseTESTE", "motor": 2, "combustivel": 2, "direcao": 1, "imagem": "carros/argo-1.0.png", "ano": 2023, "modelo": 2023, "estoque": 0, "slugVersao": "argo-10", "seguranca": [], "acessorio": []}}, {"model": "carros.versao", "pk": 2, "fields": {"carro": 9, "nome": "pulseTESTE-2", "motor": 1, "combustivel": 2, "direcao": 2, "imagem": "carros/img-argo-trekking-1.3-principal.png", "ano": 2023, "modelo": 2023, "estoque": 30, "slugVersao": "trekking-13", "seguranca": [], "acessorio": []}}, {"model": "carros.versao", "pk": 7, "fields": {"carro": 2, "nome": "argo 2.0", "motor": 4, "combustivel": 3, "direcao": 1, "imagem": "carros/argo-1.0_0i4Y6ww.png", "ano": 2023, "modelo": 2023, "estoque": 0, "slugVersao": "argo-20", "seguranca": [], "acessorio": []}}, {"model": "carros.versao", "pk": 8, "fields": {"carro": 2, "nome": "argo 3.0", "motor": 1, "combustivel": 3, "direcao": 3, "imagem": "carros/argo-1.0_t3sxDIt.png", "ano": 2023, "modelo": 2023, "estoque": 0, "slugVersao": "argo-30", "seguranca": [], "acessorio": []}}, {"model": "carros.versao", "pk": 9, "fields": {"carro": 9, "nome": "Pulse Audace", "motor": 2, "combustivel": 2, "direcao": 1, "imagem": "carros/fiat-pulse-audace.png", "ano": 2023, "modelo": 2023, "estoque": 0, "slugVersao": "pulse-10", "seguranca": [], "acessorio": []}}, {"model": "carros.versao", "pk": 10, "fields": {"carro": 9, "nome": "Pulse Impetus", "motor": 1, "combustivel": 3, "direcao": 2, "imagem": "carros/fiat-pulse-impetus_GR6OYtn.png", "ano": 2023, "modelo": 2023, "estoque": 0, "slugVersao": "pulse-20", "seguranca": [], "acessorio": []}}, {"model": "carros.versao", "pk": 13, "fields": {"carro": 10, "nome": "Cronos 1.3", "motor": 1, "combustivel": 1, "direcao": 1, "imagem": "carros/cronos-1.3.png", "ano": 2023, "modelo": 2023, "estoque": 50, "slugVersao": "cronos-13", "seguranca": [1, 2, 3, 4, 5, 6, 7], "acessorio": [1, 2, 3, 4, 5, 6]}}, {"model": "carros.versao", "pk": 14, "fields": {"carro": 10, "nome": "Cronos Drive 1.0", "motor": 2, "combustivel": 2, "direcao": 2, "imagem": "carros/cronos-drive-10.png", "ano": 2023, "modelo": 2023, "estoque": 0, "slugVersao": "cronos-drive-10", "seguranca": [], "acessorio": []}}, {"model": "carros.versao", "pk": 15, "fields": {"carro": 10, "nome": "Cronos 1.0", "motor": 2, "combustivel": 5, "direcao": 3, "imagem": "carros/cronos-1.0.png", "ano": 2023, "modelo": 2023, "estoque": 0, "slugVersao": "cronos-10", "seguranca": [], "acessorio": []}}, {"model": "carros.versao", "pk": 16, "fields": {"carro": 9, "nome": "Pulse Drive", "motor": 1, "combustivel": 1, "direcao": 3, "imagem": "carros/fiat-pulse-drive.png", "ano": 2023, "modelo": 2023, "estoque": 0, "slugVersao": "pulse-drive", "seguranca": [], "acessorio": []}}, {"model": "carros.versao", "pk": 17, "fields": {"carro": 18, "nome": "test 6 1.0", "motor": 1, "combustivel": 2, "direcao": 3, "imagem": "carros/fiat-pulse-impetus_GtMABCD.png", "ano": 2023, "modelo": 2023, "estoque": 0, "slugVersao": "test-6-10", "seguranca": [], "acessorio": []}}, {"model": "carros.versao", "pk": 18, "fields": {"carro": 18, "nome": "test 6 2.0", "motor": 1, "combustivel": 2, "direcao": 2, "imagem": "carros/cronos-1.0_gFDc3WG.png", "ano": 2023, "modelo": 2023, "estoque": 0, "slugVersao": "test-6-20", "seguranca": [], "acessorio": []}}, {"model": "carros.versao", "pk": 19, "fields": {"carro": 18, "nome": "test 6 drive3", "motor": 1, "combustivel": 3, "direcao": 3, "imagem": "carros/fiat-pulse-audace_gtTplks.png", "ano": 2023, "modelo": 2023, "estoque": 0, "slugVersao": "test-6-drive3", "seguranca": [], "acessorio": []}}, {"model": "carros.versao", "pk": 20, "fields": {"carro": 17, "nome": "Ducato minibus", "motor": 1, "combustivel": 3, "direcao": 3, "imagem": "carros/fiat-ducato-minibus.jpg", "ano": 2023, "modelo": 2023, "estoque": 0, "slugVersao": "ducato-minibus", "seguranca": [], "acessorio": []}}, {"model": "carros.versao", "pk": 21, "fields": {"carro": 17, "nome": "Ducato Cargo", "motor": 2, "combustivel": 4, "direcao": 3, "imagem": "carros/fiat-ducato-cargo.jpg", "ano": 2023, "modelo": 2023, "estoque": 0, "slugVersao": "ducato-cargo", "seguranca": [], "acessorio": []}}, {"model": "carros.versao", "pk": 22, "fields": {"carro": 17, "nome": "Ducato Multi", "motor": 1, "combustivel": 3, "direcao": 2, "imagem": "carros/fiat-ducato-multi.jpg", "ano": 2023, "modelo": 2023, "estoque": 0, "slugVersao": "ducato-multi", "seguranca": [], "acessorio": []}}, {"model": "carros.versao", "pk": 26, "fields": {"carro": 13, "nome": "Fiat Abarth", "motor": 1, "combustivel": 1, "direcao": 1, "imagem": "carros/fiat-abarth.jpg", "ano": 2023, "modelo": 2021, "estoque": -10, "slugVersao": "fiat-abarth", "seguranca": [5, 6, 7, 8], "acessorio": [1, 2, 3]}}, {"model": "carros.versao", "pk": 27, "fields": {"carro": 13, "nome": "Fiat Abarth 2022", "motor": 1, "combustivel": 3, "direcao": 2, "imagem": "carros/fiat-abarth_KlI1MYj.jpg", "ano": 2022, "modelo": 2019, "estoque": -10, "slugVersao": "fiat-abarth-2022", "seguranca": [3, 4], "acessorio": [1, 2, 3]}}, {"model": "carros.versao", "pk": 28, "fields": {"carro": 13, "nome": "Fiat Abarth 2021", "motor": 1, "combustivel": 1, "direcao": 1, "imagem": "carros/fiat-abarth_luGl9cT.jpg", "ano": 2021, "modelo": 2018, "estoque": -10, "slugVersao": "fiat-abarth-2021", "seguranca": [4], "acessorio": [3]}}, {"model": "carros.versao", "pk": 37, "fields": {"carro": 27, "nome": "Toro Endurance", "motor": 1, "combustivel": 1, "direcao": 2, "imagem": "carros/toro-Endurance_Q21Lbta.png", "ano": 2023, "modelo": 2023, "estoque": 0, "slugVersao": "toro-endurance", "seguranca": [3, 4], "acessorio": [2, 3]}}, {"model": "carros.versao", "pk": 38, "fields": {"carro": 27, "nome": "Toro Ranch", "motor": 1, "combustivel": 1, "direcao": 2, "imagem": "carros/toro-Ranch_KsVaFY5.png", "ano": 2023, "modelo": 2023, "estoque": 0, "slugVersao": "toro-ranch", "seguranca": [3, 4], "acessorio": [2, 3]}}, {"model": "carros.versao", "pk": 39, "fields": {"carro": 27, "nome": "Toro Ultra", "motor": 1, "combustivel": 2, "direcao": 2, "imagem": "carros/toro-Ultra_eOzPQmT.png", "ano": 2023, "modelo": 2023, "estoque": 0, "slugVersao": "toro-ultra", "seguranca": [2, 3, 4], "acessorio": [2, 3]}}, {"model": "carros.versao", "pk": 40, "fields": {"carro": 9, "nome": "shell 1", "motor": 1, "combustivel": 3, "direcao": 2, "imagem": "carros/toro-Endurance_Kt6iwtD.png", "ano": 2023, "modelo": 2023, "estoque": 10, "slugVersao": "novico-1", "seguranca": [2, 3], "acessorio": [3, 4, 5, 6]}}, {"model": "carros.versao", "pk": 41, "fields": {"carro": 9, "nome": "pulse pulsante", "motor": 1, "combustivel": 3, "direcao": 2, "imagem": "carros/abarth_AoKkWar.jpg", "ano": 2023, "modelo": 2023, "estoque": 0, "slugVersao": "carroagora-v1", "seguranca": [6, 7, 8], "acessorio": [4, 5, 6]}}]